update,explained_variance,approx_kl,policy_loss,value_loss,entropy,adv_mean,adv_std,value_mean,value_std
512,-0.6651236,0.006339719344396144,-0.011303183564450592,0.006454666945501231,1.6009512841701508,-0.107493296,0.0399018,-0.25648683,0.031646457
1024,0.13525146,-0.0015150752733461559,-0.004747509025037289,0.031663294648751616,1.588533729314804,-0.05497102,0.1804705,-0.091209434,0.18673761
1536,0.23320043,0.001633073901757598,-0.00430038315244019,0.008186326187569648,1.5826593786478043,-0.12625043,0.04742304,-0.058627397,0.03682722
2048,-0.3518901,0.0030240234336815774,-0.0010110624134540558,0.013822199747664854,1.5682372748851776,-0.12133901,0.10521433,-0.10925542,0.07195787
2560,0.07211667,0.004833330196561292,-0.0030724883545190096,0.013680958829354495,1.5686334818601608,-0.054293446,0.10479336,-0.26660195,0.022834513
3072,-0.28586555,0.0011439061490818858,-0.005240409169346094,0.016538532450795174,1.5664197206497192,-0.08983979,0.118648864,-0.2932358,0.03461631
3584,-0.18783462,0.0038071002054493874,-0.004710955428890884,0.023762312484905124,1.5790675282478333,-0.056483936,0.16596928,-0.19002688,0.11573752
4096,-0.18630898,-0.0013705648598261178,-0.0057539925910532475,0.023498639231547713,1.5825285464525223,-0.046329916,0.16340233,-0.17206375,0.1164009
4608,-0.021064758,0.0006039770960342139,-0.0057953111827373505,0.04499780107289553,1.5648187100887299,-0.046689324,0.21053809,-0.043778185,0.06638994
5120,0.032490015,0.0007224913861136883,-0.004700836725533009,0.0401278049685061,1.5573294013738632,-0.020367412,0.20301932,-0.05989697,0.047109835
5632,0.43659675,0.0007003208447713405,-0.0044657832477241755,0.014626535878051072,1.5423304438591003,-0.09832048,0.112694494,-0.10712265,0.067987144
6144,-0.09475601,0.0002718230534810573,-0.0030549061484634876,0.01724985719192773,1.5495505034923553,-0.14959586,0.09729523,0.090629384,0.04781426
6656,-0.25397182,0.0004231790662743151,-0.00019755004905164242,0.033583799144253135,1.495198592543602,-0.0699995,0.18486704,-0.024218693,0.1152502
7168,-0.6973671,7.013173308223486e-05,-0.0019325735047459602,0.008408081252127886,1.4919693917036057,-0.13121206,0.039907712,-0.12670143,0.02681822
7680,-0.7594049,0.001059247151715681,-0.0029631038196384907,0.0200168255250901,1.5050250738859177,-0.15826792,0.12499021,0.09951709,0.10787276
8192,0.80668545,0.0015324827108997852,-0.0024795690551400185,0.010519463336095214,1.4630559980869293,-0.096418425,0.05922951,-0.2017849,0.13841182
8704,0.040862024,0.0016350503719877452,-0.006530663929879665,0.016143338638357818,1.4593638628721237,-0.04303187,0.12427943,-0.4375976,0.033883203
9216,-0.23470557,0.004820289585040882,-0.005369966267608106,0.02378337737172842,1.4724650382995605,-0.062298246,0.17850384,0.007030251,0.21040003
9728,-0.07057917,0.0030426469165831804,-0.0008909851312637329,0.023234406020492315,1.52008256316185,-0.0921991,0.14408103,-0.0020187886,0.08225329
10240,-0.15010917,0.00026750637334771454,-0.005774505902081728,0.025715471943840384,1.5145244300365448,-0.09283995,0.15271805,-0.1188493,0.040590547
10752,0.19025183,0.003155966376652941,-0.0046576824970543385,0.020866911276243627,1.4950146079063416,-0.030425059,0.14445728,-0.27108115,0.06853111
11264,0.24843937,0.0007190072210505605,-0.0026095425710082054,0.00667410870664753,1.52468541264534,-0.07788199,0.07205232,-0.22486156,0.030221505
11776,-0.20129836,0.0013497101317625493,-0.006133270915597677,0.0448669302277267,1.5487252175807953,-0.013459766,0.21817875,-0.16074994,0.102966316
12288,0.064273,0.0029300173046067357,-0.0019931336864829063,0.017513429280370474,1.5183384865522385,-0.06406526,0.12601097,-0.114932805,0.026848178
12800,0.09060395,0.00041621350101195276,-0.0016679102554917336,0.02904049027711153,1.5042271614074707,-0.028137553,0.17542219,-0.26837146,0.053984288
13312,-0.012176514,0.0005409361037891358,-0.0030084215104579926,0.10834712069481611,1.5103358775377274,0.070485204,0.33534694,-0.07924989,0.10037244
13824,-0.86349726,0.00020479591330513358,-0.004483419004827738,0.036979153752326965,1.505870833992958,-0.12799011,0.2000558,-0.013946714,0.18002181
14336,0.095612526,0.0015441213909070939,-0.0001631139311939478,0.04489490482956171,1.4405687153339386,-0.05122086,0.20799887,0.041913975,0.043091588
14848,-0.24788177,-0.0008565695607103407,-0.0016760544385761023,0.02277135755866766,1.4546784162521362,-0.09307728,0.1365446,-0.025555024,0.060912725
15360,0.059107184,0.00024057956761680543,-0.002042211592197418,0.027835298562422395,1.3994830548763275,-0.06605551,0.16647376,0.0074042147,0.06061024
15872,-0.08019006,0.0016596507339272648,-0.0028229730669409037,0.08059168141335249,1.465517833828926,0.0326142,0.29358843,0.08150765,0.13749266
16384,0.21837765,0.003197000303771347,-0.0024764244444668293,0.05670146690681577,1.515209436416626,-0.08907935,0.23324229,0.024863588,0.12698713
16896,0.35011023,0.00177697793697007,-0.005307207582518458,0.037717129569500685,1.4896771162748337,0.016467927,0.203656,-0.123344675,0.2258127
17408,-0.026979804,0.0003263574908487499,-0.003790822811424732,0.03301262343302369,1.5133576542139053,-0.097636916,0.17237958,-0.031302113,0.064970054
17920,0.16419691,0.00024630725965835154,-0.0017083026468753815,0.03270637267269194,1.5258553624153137,-0.028867684,0.17744148,-0.13260846,0.11888229
18432,0.15601498,0.002392618713201955,-0.0025047839153558016,0.02621042146347463,1.520539715886116,-0.05720915,0.18150753,-0.1690348,0.0333039
18944,-0.15192187,0.00538443261757493,-0.005389103782363236,0.06889395276084542,1.521064043045044,0.0073959976,0.275683,-0.1459158,0.08489524
19456,-0.010365963,0.0027918834530282766,-0.004335567355155945,0.06708791200071573,1.474764734506607,-0.00078544393,0.2603663,0.11501721,0.111841395
19968,-0.22774768,0.0017353020957671106,-0.0028446244541555643,0.09000769071280956,1.470061555504799,0.020562451,0.32151428,-0.024958812,0.19418737
20480,0.056046426,3.411987563595176e-05,-0.0036454909713938832,0.08906780928373337,1.4643722176551819,0.06982093,0.3003164,-0.031468116,0.1759091
20992,-0.10376239,0.0025402843893971294,-0.0040782548021525145,0.062363067176193,1.4986241310834885,-0.035021823,0.25856212,0.035236042,0.09019912
21504,0.115189075,0.0012839714472647756,-0.005454335594549775,0.037201955216005445,1.4943827837705612,-0.053902958,0.21066302,-0.18109289,0.06472314
22016,0.22414929,-0.0001281549921259284,-0.003422217443585396,0.03220153786242008,1.4751664847135544,-0.012298353,0.17651692,-0.17060933,0.09817466
22528,-0.100948215,-0.00017208867939189076,-0.0037944763898849487,0.03696088842116296,1.4608983844518661,-0.084412865,0.20258528,0.03908804,0.09319248
23040,0.1418451,0.001670642290264368,-0.005407476564869285,0.04103652760386467,1.387935683131218,-0.016488846,0.20155081,-0.2709141,0.072718784
23552,-0.26609182,0.004759673727676272,-0.0058732060715556145,0.09440602455288172,1.4138911366462708,0.026028145,0.32430786,-0.1372957,0.16664504
24064,0.05647546,0.0004654182412195951,-0.004251306061632931,0.12707559578120708,1.4097186774015427,0.20782715,0.34493566,-0.13223848,0.14790666
24576,0.0135349035,0.0014193567913025618,-0.004915090627036989,0.07998663745820522,1.3522998243570328,0.013012517,0.2877627,-0.012127084,0.05395641
25088,-0.24801397,0.0003619989729486406,-0.0019599722581915557,0.13405738957226276,1.2911107391119003,0.08593427,0.39091074,0.14582263,0.20558503
25600,-0.21530008,0.00024408005992881954,-0.005019631003960967,0.08226836565881968,1.3551953881978989,-0.03224639,0.30175787,0.25881588,0.20227666
26112,-0.2490946,0.0013692629290744662,-0.0051041459664702415,0.0893388157710433,1.3523447215557098,-0.032915607,0.31873474,0.31567484,0.12284687
26624,0.07067627,0.0034483329218346626,-0.003324749181047082,0.12209413945674896,1.3034861385822296,0.055343498,0.3489601,0.17007774,0.12109449
27136,0.09221852,0.001158028346253559,-0.0071807242929935455,0.11602307483553886,1.116720288991928,0.05543689,0.34103996,0.10322238,0.12892857
27648,0.23306257,0.0010941771615762264,-0.0057704090140759945,0.06838337192311883,1.3642328828573227,-0.034656737,0.2641931,0.31752303,0.174587
28160,0.010894299,0.0010133871692232788,-0.007568755652755499,0.10159741621464491,1.3190281391143799,0.06964863,0.31646818,0.09893261,0.09284707
28672,-0.11498046,0.0033991817908827215,-0.006318703526630998,0.21328532882034779,1.298272579908371,0.082521394,0.47388312,0.22293541,0.16081741
29184,0.004854262,0.000988801650237292,-0.006182504002936184,0.15164393559098244,1.2046702355146408,0.09133932,0.39860246,0.3555854,0.13893193
29696,0.19093406,0.001891928055556491,-0.003042500000447035,0.12222135253250599,1.2585111260414124,0.004386235,0.35319802,0.33338687,0.2691827
30208,-0.10385895,0.0024953046813607216,-0.0028223490808159113,0.10543609876185656,1.235314667224884,-0.014916357,0.3653487,0.47857308,0.38551572
30720,-0.036259413,0.0009922086028382182,-0.0015791788464412093,0.11919409595429897,1.24726040661335,-0.06107655,0.34901914,0.39708173,0.16967154
31232,-0.022669673,0.0010457845928613096,-0.0055984449572861195,0.13626349158585072,1.263863205909729,0.010443334,0.3763242,0.33774987,0.15722029
31744,-0.0062845945,-0.0008489383035339415,-0.007587127853184938,0.21248754486441612,1.2586963027715683,0.1434915,0.453501,0.24526528,0.11583633
32256,-0.105183244,0.006016353116137907,-0.0035628549521788955,0.049226696603000164,1.269275262951851,-0.1762619,0.20255832,0.35435927,0.06747813
32768,-0.22783685,-0.0001134803460445255,-0.004615080310031772,0.1485007479786873,1.2237423658370972,0.033467755,0.41763467,0.38397497,0.24611118
33280,-0.05232942,-0.001342938921879977,-0.006201261654496193,0.1322165308520198,1.2777790576219559,0.022677459,0.36538422,0.32303944,0.15528719
33792,-0.074308395,0.008656088321004063,-0.006220782874152064,0.14233628008514643,1.2742241322994232,-0.0442739,0.38305998,0.46651155,0.112574294
34304,0.083643556,0.002410285727819428,-0.004190256877336651,0.10058991517871618,1.2918877601623535,-0.043769527,0.3158884,0.49634638,0.06505984
34816,-0.023953438,0.0044318733853287995,-0.004841348621994257,0.15057753399014473,1.1918101608753204,-0.045144565,0.3960553,0.42340636,0.12778732
35328,0.13951427,0.0031325655290856957,-0.0062362197786569595,0.16275165043771267,1.2141573578119278,0.05324009,0.40710667,0.3721149,0.17315216
35840,-0.047417283,-0.002190623781643808,-0.005902397213503718,0.20561479777097702,1.2203679233789444,-0.015105091,0.46550745,0.47453725,0.21921451
36352,-0.011091948,0.0030338493816088885,-0.006023928406648338,0.15800299402326345,1.2541609555482864,-0.06410046,0.39990127,0.50968444,0.11259257
36864,-0.0015618801,0.006897178711369634,-0.004112722119316459,0.15699394419789314,1.1317338943481445,0.009414345,0.40049258,0.38682115,0.12745148
37376,0.060008526,0.004116109281312674,-0.004084838787093759,0.11459718737751245,1.2079480737447739,-0.036653694,0.3390818,0.43314236,0.11897492
37888,0.055921018,0.004099135316209868,-0.003496886696666479,0.1351774614304304,1.1744098514318466,-0.031038512,0.3691636,0.503073,0.12710425
38400,0.027665496,-0.0006786596495658159,-0.005054147564806044,0.12047301325947046,1.185205116868019,-0.13230146,0.34150106,0.5352333,0.07979857
38912,0.026247382,0.003915848705219105,-0.004931090399622917,0.19825673662126064,1.1396340131759644,0.10364604,0.448825,0.26405585,0.20921804
39424,-0.03676808,0.0008326854149345309,-0.0038178680697456002,0.2156437486410141,1.058927282691002,0.11726372,0.46257117,0.31970662,0.12240518
39936,-0.004541993,0.002450715168379247,-0.0035689992364495993,0.169932521879673,1.1437415182590485,-0.0004071258,0.41539633,0.5015389,0.06684967
40448,-0.0061656237,0.0006612610013689846,-0.0049205024261027575,0.16578850708901882,1.064797580242157,-0.026247105,0.41005144,0.5157088,0.0889879
40960,-0.038350582,0.0029865014948882163,-0.0033313928870484233,0.19363595359027386,1.0514150857925415,0.01811289,0.45153043,0.46583962,0.10817411
41472,-0.015758872,-0.0014641207817476243,-0.00362015631981194,0.18988102674484253,1.0516262352466583,-0.10627751,0.43597507,0.6179662,0.11099903
41984,-0.06677699,0.003256288619013503,-0.00394399231299758,0.15367361530661583,1.1002464890480042,0.07366127,0.39037558,0.3454661,0.12405115
42496,0.022061527,0.005905709200305864,-0.0033654565922915936,0.20832528918981552,1.015047274529934,0.17210475,0.4409884,0.3210513,0.093316294
43008,0.03539723,0.0021691420988645405,-0.0030297611374408007,0.14858540892601013,0.9190892204642296,-0.1235103,0.37792453,0.57145834,0.14184006
43520,-0.05288756,0.001010364096146077,-0.002452951273880899,0.18248944729566574,0.9589145854115486,0.016986236,0.43496615,0.47878832,0.15322982
44032,0.0037614703,0.0003668820427265018,-0.00807732599787414,0.1844636145979166,0.9367435127496719,-0.00049442425,0.4325205,0.4454641,0.07197097
44544,-0.043632627,0.006786860816646367,-0.005057149566709995,0.2216198742389679,1.0404569506645203,0.04050688,0.4730179,0.4598875,0.15471813
45056,-0.07257557,0.0008708286623004824,-0.0017616311088204384,0.1723332367837429,1.0069112926721573,0.05877397,0.4219124,0.36962658,0.11890576
45568,-0.05426562,0.0037589330750051886,-0.005692122504115105,0.16658144630491734,1.003584124147892,-0.018147014,0.41128,0.45028287,0.06593533
46080,0.0077507496,0.00520871629123576,-0.006136130075901747,0.16581130772829056,0.9866807088255882,-0.027137578,0.4073208,0.44264477,0.050967522
46592,0.01726389,0.00501188647467643,-0.006808339385315776,0.1460100132972002,0.9862217828631401,0.019049587,0.3836178,0.42369437,0.09920194
47104,-0.029526114,0.0010054713930003345,-0.0021659028716385365,0.21823089942336082,0.9769150614738464,0.07478009,0.4678012,0.39121324,0.124850325
47616,-0.02609706,-0.00020322107593528926,-0.0026803272776305676,0.24656939692795277,0.8723918870091438,0.059427284,0.49940386,0.40840274,0.10509312
48128,0.02183491,0.00036914111115038395,-0.0059057940961793065,0.22887946851551533,0.9694694951176643,0.04107859,0.47780403,0.48509097,0.073028766
48640,0.07041824,0.0010378130245953798,-0.004815640160813928,0.2024258505553007,0.828692153096199,-0.04175833,0.45093805,0.53424424,0.10082832
49152,-0.023415446,0.0029382133798208088,-0.007019381853751838,0.21526769548654556,0.8776741102337837,-0.074046716,0.46779522,0.5859108,0.08751712
49664,0.030108988,0.003307232924271375,-0.003381296177394688,0.17611274868249893,0.8728745877742767,-0.090312704,0.4150739,0.57968223,0.116491355
50176,-0.094385624,0.002341887913644314,-0.004491675761528313,0.2303367182612419,0.9050371870398521,0.08589442,0.48550612,0.36469442,0.14896429
50688,-0.069588184,0.004196589317871258,-0.007736612460575998,0.24108101427555084,0.7940710186958313,0.05002585,0.49478948,0.41722953,0.13344769
51200,0.034653664,1.4556397218257189e-05,-0.002910227864049375,0.2356702834367752,0.8320688679814339,0.13608351,0.47821653,0.36236537,0.10517875
51712,-0.011853099,-0.00044757919386029243,-0.003083908697590232,0.20701192319393158,0.7938068881630898,0.03950422,0.45418665,0.52415085,0.08707327
52224,0.008083522,0.00026572789647616446,-0.004154674708843231,0.2588809132575989,0.8356439545750618,-0.023594232,0.5120569,0.5226712,0.12753674
52736,-0.0332613,-0.0007223515422083437,-0.005007244646549225,0.22704711370170116,0.832891620695591,-0.038386926,0.4826353,0.544181,0.1053624
53248,-0.090813875,0.0020732182601932436,-0.0047318902797997,0.28362056612968445,0.8447751253843307,0.047556646,0.54115874,0.5300459,0.16082901
53760,-0.02462697,0.002445245743729174,-0.005623519769869745,0.23531607165932655,0.8444658294320107,-0.012871973,0.48738265,0.5050242,0.12811051
54272,0.046874225,0.002138343174010515,-0.0018687816336750984,0.2553273141384125,0.7965452522039413,0.010151871,0.50600255,0.5207571,0.10142191
54784,0.020269454,0.00043483098852448165,-0.004475132562220097,0.27181218564510345,0.7950148656964302,0.0051135467,0.523589,0.59119886,0.14362854
55296,-0.07919979,0.0002570608339738101,-0.0016895998269319534,0.20397560484707355,0.8595447093248367,-0.023419337,0.46640655,0.5223143,0.13161317
55808,-0.0009704828,0.00849893013946712,-0.003918336238712072,0.2281607799232006,0.8059134185314178,-0.01247005,0.47833127,0.52539265,0.06994455
56320,-0.021172404,0.0021561006433330476,-0.0014135711826384068,0.2472468763589859,0.7504871487617493,0.016786776,0.5001238,0.49756396,0.10564931
56832,0.06529015,0.004007322189863771,-0.005733154830522835,0.19212176278233528,0.7665503025054932,-0.0397994,0.4374544,0.57665336,0.10970213
57344,-0.06271386,0.0004519750364124775,-0.0015433892258442938,0.26967546343803406,0.7111856490373611,-0.017827714,0.52768606,0.52951187,0.13484724
57856,0.009294212,0.00040686476859264076,-0.004313582321628928,0.26142829842865467,0.809036023914814,0.06892677,0.5100837,0.4770686,0.084421255
58368,0.011410713,0.0031563547090627253,-0.004888388386461884,0.2425432074815035,0.7165773287415504,-0.012687489,0.49516332,0.5182291,0.10399551
58880,-0.013831496,0.0027453905204311013,-0.00255895359441638,0.25448111444711685,0.8095160350203514,0.038264886,0.5063124,0.45317537,0.10029242
59392,-0.0042545795,0.0018070468213409185,-0.005575224757194519,0.26133144460618496,0.7674539089202881,0.010858135,0.51712817,0.51222444,0.10278998
59904,0.008895814,-0.0003427808696869761,-0.0035126260481774807,0.2375760469585657,0.6816282942891121,0.05708172,0.48738906,0.44824922,0.11803656
60416,-0.054080606,-0.002335408760700375,-0.004772344138473272,0.2685454972088337,0.6285652667284012,0.03777152,0.52305293,0.5307621,0.1507474
60928,-0.052850246,0.002384715946391225,-0.004379016347229481,0.23519835993647575,0.7644430622458458,-0.017664954,0.48970768,0.54677665,0.10986748
61440,-0.028445363,0.0005675816792063415,-0.0042319404892623425,0.19961753115057945,0.7614724263548851,-0.02453366,0.45310712,0.5378233,0.080319665
61952,0.011725843,0.0010203731653746217,-0.0064351914916187525,0.2702206149697304,0.7246523723006248,0.02630975,0.5219617,0.5012666,0.088282675
62464,-0.019785404,0.0039035682566463947,-0.0074674979550763965,0.24515885673463345,0.7141866385936737,-0.09408039,0.4934869,0.6280291,0.12813547
62976,0.039052486,0.0034175539040006697,-0.003486269386485219,0.2703436315059662,0.7230987921357155,-0.012269644,0.5256598,0.56011707,0.114465185
63488,-0.036688566,-0.002922659070463851,-0.00442574149928987,0.230204613879323,0.8117353841662407,-0.009785183,0.4823139,0.47907817,0.15913251
64000,-0.09898281,0.00015757977962493896,-0.0021245063981041312,0.2699905000627041,0.6445769816637039,0.025335275,0.53522325,0.47173768,0.14815047
64512,0.01282227,0.0026444438844919205,-0.004039114806801081,0.2545322310179472,0.7328633964061737,0.11261054,0.5008688,0.43849343,0.09121334
65024,-0.037227273,0.0015654274029657245,-0.00360504980199039,0.22923195734620094,0.6813675910234451,-0.009071885,0.48199302,0.4656956,0.14360556
65536,-0.018507957,0.0018958815489895642,-0.004375345888547599,0.2436511069536209,0.6240366846323013,0.05769389,0.49502125,0.4757449,0.12494912
66048,-0.02409625,-0.0005938017857261002,-0.004972723429091275,0.23753567226231098,0.6546720862388611,0.008490488,0.4911137,0.53885996,0.086717956
66560,0.031649888,0.00527095387224108,-0.0073245849926024675,0.275320153683424,0.6886086761951447,-0.020051997,0.5261378,0.5874199,0.08297677
67072,0.050798118,0.004933925112709403,-0.006750523112714291,0.18421446532011032,0.6182577759027481,-0.08877941,0.4253006,0.55311096,0.09578703
67584,0.016091943,0.003647670819191262,-0.007809175411239266,0.2565069701522589,0.6296011358499527,0.008029349,0.5087419,0.50407827,0.090595245
68096,0.009320676,0.002197043097112328,-0.0028610164299607277,0.2548266891390085,0.7150780484080315,0.06318871,0.5050197,0.45145702,0.110767156
68608,-0.02275145,0.0010606765863485634,-0.005189025541767478,0.3041212223470211,0.5850201323628426,-0.015037116,0.55221075,0.4953636,0.111482315
69120,0.0026671886,0.005877538817003369,-0.005445619928650558,0.24985622614622116,0.676877461373806,0.039464794,0.5009051,0.43052405,0.12682274
69632,0.015439749,0.0011522361892275512,-0.0018453969387337565,0.20512806624174118,0.6272736415266991,0.022090113,0.45528662,0.46382406,0.081037916
70144,-0.009917259,0.001771701266989112,-0.002696063369512558,0.25845267437398434,0.6807631701231003,-0.034535587,0.5114156,0.56782806,0.0849215
70656,0.00037163496,-0.0005680770555045456,-0.0007780485320836306,0.2785329595208168,0.5944964662194252,0.004480604,0.53066504,0.5265403,0.057728626
71168,0.03405565,-0.00022361869923770428,-0.003878443269059062,0.217208631336689,0.588514044880867,-0.038266294,0.46462402,0.4972659,0.087628596
71680,-0.005931735,0.000843282206915319,-0.0065572860185056925,0.29612692072987556,0.5921300053596497,0.06104311,0.5474617,0.47820306,0.111916766
72192,0.017610848,-0.0005246127839200199,-0.0038112818729132414,0.26086837612092495,0.5951089560985565,-0.013591863,0.5093002,0.52483463,0.09661155
72704,0.016782463,0.0012797838426195085,-0.0035753068514168262,0.24747801199555397,0.5258437097072601,0.013787972,0.49880674,0.5071131,0.112828486
73216,-0.07364309,0.001396998530253768,-0.00366105861030519,0.2946634218096733,0.5719793066382408,0.015423479,0.5514276,0.5119815,0.09892151
73728,-0.049428463,0.0003639486967585981,-0.0036979677388444543,0.24390577338635921,0.5586818680167198,0.0010012165,0.4959495,0.48268205,0.08039107
74240,-0.024474263,0.0011153814848512411,-0.0024815514916554093,0.229699544608593,0.5321789160370827,0.009931698,0.48381332,0.49917987,0.05995172
74752,0.016479611,-0.0009165981318801641,-0.006618690560571849,0.29735638573765755,0.5355540886521339,0.012618041,0.5465643,0.5144459,0.07936634
75264,0.037052214,-0.0010546050616540015,-0.005299316952005029,0.26366365142166615,0.5468182936310768,0.013570532,0.5140275,0.5509274,0.10175738
75776,0.008490145,0.004052061587572098,-0.003087214194238186,0.26134052500128746,0.6086146160960197,-0.03633931,0.5147498,0.5624792,0.1148411
76288,-0.013023496,0.0028815583791583776,-0.005434983293525875,0.2994633913040161,0.5572509542107582,0.0035173371,0.55194485,0.50933754,0.09796826
76800,0.008649528,0.005173839570488781,-0.002962633967399597,0.26097564958035946,0.5737569108605385,-0.023995183,0.5135132,0.54450464,0.082702436
77312,-0.0045048,0.0018082883325405419,-0.002516287611797452,0.2745290510356426,0.5013536885380745,-0.029269468,0.5255019,0.5513693,0.11987256
77824,-0.0046123266,-0.0014005295815877616,-0.005205423920415342,0.2619594242423773,0.5575935393571854,0.012363501,0.5141971,0.45863605,0.10458735
78336,-0.00076162815,0.0004348837537690997,-0.0024994361447170377,0.1907020192593336,0.5499879866838455,0.0329655,0.43848172,0.43317345,0.09541192
78848,0.02873671,-0.00034443376353010535,-0.0038047919515520334,0.2513432130217552,0.5107219964265823,0.038923655,0.50209844,0.47718182,0.09897289
79360,-0.008868575,0.0032239104621112347,-0.004377460572868586,0.24972839653491974,0.5752645879983902,0.028372332,0.5021961,0.507772,0.06909672
79872,-0.0027629137,0.000984199927188456,-0.0021006097085773945,0.282125286757946,0.5030226111412048,0.0015465468,0.53171784,0.5350361,0.07582149
80384,0.017942846,-0.0005365116521716118,-0.0014988082693889737,0.2911693677306175,0.5066023766994476,-0.0023876186,0.5406413,0.55354637,0.065927014
80896,0.011837482,0.0009149773395620286,-0.004174818284809589,0.3060814216732979,0.5172610953450203,-0.03699369,0.5542353,0.544047,0.07370733
81408,-0.012158871,0.0009686843841336668,-0.0017599861603230238,0.3142547309398651,0.4834575988352299,-0.03256072,0.56288433,0.55649245,0.07508925
81920,0.01853317,-5.231180693954229e-06,-0.003647559438832104,0.2648494802415371,0.45921986550092697,0.005027499,0.5162302,0.4992963,0.058850255
82432,0.01439333,0.004247300734277815,-0.005264871870167553,0.281886026263237,0.48439809307456017,0.03961326,0.5369726,0.47599515,0.0641287
82944,0.029132366,0.0034323189756833017,-0.0036262759240344167,0.2606619168072939,0.46355435624718666,-0.040025458,0.5106831,0.4947934,0.08822417
83456,-0.0038616657,0.0006165897939354181,-0.0033003638964146376,0.28773294016718864,0.48477930948138237,-0.044739112,0.53965497,0.56020516,0.1397001
83968,0.05759996,-0.0004951511509716511,-0.003587857005186379,0.23728542402386665,0.41888056322932243,0.034632403,0.48654965,0.43917322,0.13518177
84480,-0.03837204,0.000658649078104645,-0.004021989181637764,0.24745336174964905,0.4929724186658859,0.0060553923,0.50184655,0.4562668,0.12257739
84992,-0.0053241253,0.0030909868655726314,-0.006284052040427923,0.1858181618154049,0.5406793802976608,0.0020353869,0.43353412,0.38308495,0.10010117
85504,0.05844885,0.0025176728959195316,-0.0030268520349636674,0.2791404016315937,0.46027060225605965,-0.0041131154,0.5283576,0.5035181,0.08167478
86016,-0.014404893,0.00015343347331508994,-0.0038985752034932375,0.2592777069658041,0.3830796927213669,0.059523914,0.50971115,0.44769174,0.08264231
86528,0.014773428,-0.0022475700243376195,-0.002255323459394276,0.33011234924197197,0.4754420891404152,0.0135588385,0.5764619,0.5246881,0.07913334
87040,0.02124077,-0.00024043041048571467,-0.0020023623947054148,0.2549877557903528,0.4273949936032295,-0.012532525,0.5069225,0.52829945,0.11488257
87552,-0.0017926693,0.0005645833443850279,-0.0010458807228133082,0.2833629585802555,0.4205850921571255,-0.035353996,0.5378159,0.5336797,0.11550435
88064,0.0517146,0.002464127028360963,-0.0034930167021229863,0.2584116104990244,0.4733314737677574,-0.036894254,0.5081218,0.570869,0.08161107
88576,0.024667263,-0.0012289374135434628,-0.0033866995945572853,0.21124699339270592,0.4758363403379917,0.018797811,0.4640099,0.42531642,0.14149016
89088,0.00046759844,0.0004246410680934787,-0.002954527910333127,0.28010663762688637,0.4210806004703045,0.08529877,0.5268315,0.400624,0.12162733
89600,0.020017266,0.0018323257099837065,-0.0015826852759346366,0.2791225463151932,0.39075158536434174,0.059048653,0.5286253,0.4229312,0.10005576
90112,-0.024470568,0.0037962987553328276,-0.004490621155127883,0.31598538905382156,0.4036359414458275,-0.030114975,0.56499994,0.5118165,0.11543175
90624,0.032667935,0.0016559880459681153,-0.0019619757076725364,0.33094586059451103,0.4331672228872776,0.044840902,0.576212,0.46579015,0.09291126
91136,-0.0034199953,0.0017303571221418679,-0.0030847121961414814,0.30993980541825294,0.3628796450793743,-0.063214004,0.55704045,0.5672225,0.07288043
91648,0.040357947,0.0016079060733318329,-0.006040859268978238,0.253334429115057,0.46999193355441093,0.0026390105,0.5051657,0.5438467,0.052192893
92160,0.025921285,0.0013099146890453994,-0.0017586166504770517,0.26125701889395714,0.4059861786663532,0.009585484,0.5124313,0.533242,0.08300378
92672,0.017884433,0.0022676385706290603,-0.003403172129765153,0.2580640334635973,0.37636489048600197,0.0051724184,0.5090088,0.48890096,0.088945545
93184,0.048422515,0.00043133163126185536,-0.002208903548307717,0.22073747776448727,0.3826572149991989,-0.007664144,0.47558677,0.4799441,0.09407057
93696,-0.050203204,0.0019270621705800295,-0.003182932792697102,0.2780678831040859,0.4203709326684475,-0.07790388,0.5289932,0.5680249,0.118130095
94208,0.031597257,0.003896850917953998,-0.004488401347771287,0.1940223053097725,0.4124804250895977,-0.01651855,0.4415808,0.4263547,0.14999548
94720,0.010580003,0.0011444275733083487,-0.0035321207251399755,0.3188015855848789,0.43578358367085457,0.067439415,0.5642036,0.48733473,0.107965834
95232,-0.009421825,0.001043546712026,-0.0024267607368528843,0.2840503379702568,0.3873608000576496,-0.0032811314,0.53793484,0.5196705,0.105171934
95744,0.055879414,0.0022568549611605704,-0.0010427956003695726,0.24349050782620907,0.4172465018928051,0.003717389,0.4950975,0.55019504,0.08525506
96256,0.041040897,-0.0021773543558083475,-0.0022892095148563385,0.308065440505743,0.4444685988128185,-0.08189571,0.5521026,0.6392422,0.10846005
96768,0.0012229085,0.00271622056607157,-0.0022715029772371054,0.24446425214409828,0.389142531901598,0.02343104,0.4991044,0.4603181,0.116892755
97280,-0.016574264,0.00011582253500819206,-0.002320726402103901,0.30164696648716927,0.42689382284879684,0.035761345,0.55091655,0.5146265,0.098769635
97792,-0.06280553,0.0007178385276347399,-0.0024842550046741962,0.24751238711178303,0.43792638182640076,0.008684922,0.5026161,0.49402925,0.11510086
98304,-0.013209939,0.002187370613683015,-0.0026618994306772947,0.2965036481618881,0.37942319735884666,0.038005073,0.545312,0.5546138,0.08892092
98816,0.0023903847,0.002499415830243379,-0.003281701006926596,0.27759409323334694,0.38739119842648506,0.018404897,0.52815276,0.5038815,0.07341581
99328,0.006732464,-0.0016217833617702127,-0.002410323533695191,0.3303578346967697,0.3645431734621525,-0.029032491,0.5787474,0.5427494,0.07544826
99840,0.043061376,0.0021497250418178737,-0.004017337458208203,0.27565744891762733,0.4363279603421688,0.0077355914,0.526011,0.5521439,0.07509147
100352,-0.0004886389,-5.318701732903719e-05,-0.0012360760010778904,0.2688506282866001,0.4244433343410492,-0.014684645,0.52071565,0.56162465,0.09147343
100864,0.009275615,-0.00024727650452405214,-0.0022661606781184673,0.30560699850320816,0.3848080448806286,0.010245912,0.55548614,0.537199,0.08817968
101376,0.008474708,0.0010900801280513406,-0.006823757896199822,0.2482989076524973,0.4160115458071232,-0.007822886,0.5039528,0.52107877,0.09389251
101888,0.0023938417,0.00483917078236118,-0.004410918802022934,0.2823904864490032,0.40019578859210014,-0.049988776,0.5328639,0.5546286,0.10396339
102400,0.041219234,0.0027825733995996416,-0.0036927880719304085,0.2955312021076679,0.4049237184226513,0.014837801,0.5443534,0.5013406,0.1341456
102912,0.03158307,0.0034003984765149653,-0.006217791466042399,0.25100879929959774,0.4473661631345749,0.0037585497,0.5027307,0.49637985,0.11196027
103424,-0.010598898,0.0014222729369066656,-0.002006142633035779,0.23713531903922558,0.4310062974691391,-0.0012955926,0.49208152,0.50050783,0.10311183
103936,0.024564683,-0.0010566473938524723,-0.0021210535196587443,0.3378031626343727,0.40278246998786926,0.023063175,0.5805307,0.50980055,0.10276484
104448,-0.010246158,0.001434090780094266,-0.003091437742114067,0.28666986897587776,0.34664007276296616,-0.015676524,0.5376634,0.55588114,0.10951004
104960,0.026606023,0.003951416059862822,-0.005369561375118792,0.28777818009257317,0.41410814598202705,0.024644319,0.53806853,0.48141685,0.093919225
105472,0.017116189,-0.0005479306564666331,-0.0009848009794950485,0.2550571337342262,0.43231238797307014,-0.028015278,0.50633377,0.5575069,0.11371219
105984,0.030760646,-0.0001599217066541314,-0.004149122745729983,0.3019546791911125,0.36612410843372345,0.009536734,0.5538948,0.526996,0.08235293
106496,0.0076293945,0.0032476698979735374,-0.003500710241496563,0.3365672342479229,0.3547169230878353,0.007275978,0.58086425,0.52817357,0.09758893
107008,-0.008701801,-0.000881512532941997,-0.001985534792765975,0.3438470587134361,0.3179021179676056,0.03717927,0.591365,0.48759747,0.12299858
107520,0.010161638,0.0006534666172228754,-0.0026459945365786552,0.3167862743139267,0.376503624022007,0.01413114,0.5633303,0.54119265,0.082331106
108032,0.008716166,0.001149074058048427,-0.003105401759967208,0.28984810784459114,0.3999053053557873,-0.012512896,0.540059,0.55108976,0.07843606
108544,0.040820837,-0.0006147625972516835,-0.0016445131041109562,0.24480698071420193,0.3762267827987671,-0.013219867,0.4960874,0.5475888,0.0863673
109056,0.01847303,-0.0001962321111932397,-0.003871067427098751,0.2648854460567236,0.382429838180542,0.024340913,0.51491046,0.48984227,0.10042336
109568,0.0018907785,-0.0006104949279688299,-0.0030577481957152486,0.2415201235562563,0.4524359107017517,-0.057454694,0.49638358,0.5694202,0.10653438
110080,-0.00030863285,0.00023020233493298292,-0.00380861503072083,0.3407944105565548,0.3494884893298149,-0.04142426,0.5847664,0.58086014,0.1010194
110592,-0.026147246,-0.00015470507787540555,-0.003262279089540243,0.3529627099633217,0.3938734531402588,-0.009512406,0.5977391,0.5458094,0.10189435
111104,-0.011366367,-0.002422469842713326,-0.0005976988468319178,0.26826798915863037,0.3569480590522289,0.056207746,0.5187161,0.44577837,0.10265093
111616,0.023275614,0.0013371873646974564,-0.002886250615119934,0.293524868786335,0.41488390415906906,0.023760997,0.5459059,0.5028616,0.078052744
112128,0.012328565,-0.0003038377035409212,-0.0039811101742088795,0.25562317483127117,0.3792022317647934,0.023641465,0.50855654,0.54572326,0.09969132
112640,0.026574612,-0.0008337979088537395,-0.0058276227209717035,0.2773021850734949,0.35124998167157173,-0.0029104948,0.5266757,0.5868187,0.12829301
113152,0.049008727,0.0033070025383494794,-0.002832011552527547,0.26914167776703835,0.365438736975193,-0.054551512,0.5183932,0.58089274,0.09137128
113664,0.03232342,0.0036479532718658447,-0.004624408902600408,0.27335459366440773,0.37491364777088165,-0.046110623,0.5239172,0.51754296,0.10499952
114176,0.01203984,-0.0015872375224716961,-0.0009102795738726854,0.28057666681706905,0.3600980006158352,0.07060053,0.5307471,0.48743302,0.10668711
114688,0.016741335,0.003642053809016943,-0.006071123061701655,0.2946244552731514,0.3486981652677059,-0.023540525,0.547836,0.5259237,0.106367245
115200,0.059614003,4.29423525929451e-05,-0.004031500779092312,0.24556631594896317,0.3725641779601574,0.054487884,0.49347225,0.4430577,0.1354516
115712,0.013047695,-0.0001893077278509736,-0.0032620219280943274,0.28244493156671524,0.36770783737301826,-0.008640189,0.5353434,0.5536159,0.1260204
116224,0.026984215,0.002354071126319468,-0.002274221507832408,0.2995833605527878,0.35491637513041496,-0.08040753,0.54651874,0.6210247,0.111725435
116736,0.017992556,-0.0002022000844590366,-0.0008975337259471416,0.264067143201828,0.38809221237897873,-0.024159893,0.51459396,0.54194623,0.080400206
117248,9.655952e-06,0.000915715703740716,-0.00250491825863719,0.3517504259943962,0.34357214719057083,-0.02499643,0.5952105,0.46988115,0.11657441
117760,0.02211088,0.0006379841943271458,-0.0034978551557287574,0.31642717495560646,0.3764784038066864,0.08957524,0.55950296,0.41927564,0.09343286
118272,0.018249512,0.0014290647814050317,-0.0024614755529910326,0.22767779603600502,0.3791891895234585,0.0019135345,0.47748852,0.50233364,0.08073124
118784,-0.001275301,-0.0005161289591342211,-0.0004852090496569872,0.2231005970388651,0.3661782927811146,-0.070363596,0.47237965,0.52885675,0.08402393
119296,0.03842908,0.0007910519489087164,-0.004061921499669552,0.2896832339465618,0.3463861532509327,0.0139648765,0.5380109,0.413391,0.0964585
119808,0.033355117,0.0025410022935830057,-0.001791560323908925,0.28772694431245327,0.3452003225684166,0.03933365,0.53692937,0.44932175,0.09368076
120320,0.04689592,0.0008634543046355247,-0.002865165122784674,0.2959979921579361,0.3109314739704132,0.00014293939,0.5464352,0.5069078,0.08091263
120832,0.009055376,0.0036657104501500726,-0.004675963195040822,0.23814698681235313,0.4121957942843437,-0.058935285,0.48806125,0.51084507,0.089428276
121344,0.023049355,0.002315634221304208,-0.003814167343080044,0.335635282099247,0.35978759452700615,0.07291919,0.57689315,0.46722355,0.09096612
121856,-0.0029463768,-0.0006476730341091752,-0.0008308821124956012,0.2776399552822113,0.35261641815304756,-0.008832138,0.5285551,0.5076319,0.11064815
122368,0.083563685,0.0011225336347706616,-0.002662098268046975,0.23407436534762383,0.38739318773150444,-0.035095315,0.48491865,0.548274,0.08940693
122880,0.07515532,0.0005900529213249683,-0.0033162246691063046,0.298043929040432,0.33735549449920654,0.03578757,0.54530156,0.48049408,0.15389629
123392,0.01249814,-0.00038104545092210174,-0.004659293568693101,0.2820938006043434,0.3704928755760193,-0.009375524,0.5339652,0.5243768,0.09779865
123904,-0.01552403,0.0011893629562109709,-0.002606445224955678,0.2750979885458946,0.33443817496299744,-0.016308062,0.5288122,0.5069704,0.11568343
124416,0.013595343,0.0004351703682914376,-0.0017004250548779964,0.32693105190992355,0.34692108258605003,0.02841277,0.57257223,0.503175,0.13286422
124928,0.014246404,-0.0002946743043139577,-0.002781925955787301,0.26437994465231895,0.2936761826276779,-0.052149683,0.511827,0.51123476,0.0773859
125440,0.014510155,0.0013138909125700593,-0.0028731372440233827,0.28240568935871124,0.31862204149365425,0.031028405,0.53232557,0.49402466,0.09358213
125952,-0.020201445,0.0005668887170031667,-0.0015885855536907911,0.3251035809516907,0.30528317764401436,0.018438432,0.5725749,0.4905327,0.066513255
126464,0.043473125,-9.300850797444582e-05,-0.002159534255042672,0.26299771293997765,0.2766571007668972,0.0017540604,0.51368713,0.5034816,0.08135038
126976,0.041161537,0.0007982445531524718,-0.003109558019787073,0.26605265960097313,0.3097202740609646,-0.036098957,0.5165282,0.52571857,0.07384802
127488,0.010190368,0.0045295568415895104,-0.0038084565894678235,0.31445927172899246,0.34635233879089355,0.041702114,0.5604404,0.51964176,0.07879081
128000,-0.016533494,-0.0006203760276548564,-0.0035792794078588486,0.26307573169469833,0.30882110446691513,0.023032017,0.5160916,0.49033362,0.10193819
128512,0.014298201,0.0010753947426564991,-0.0051527624018490314,0.32329679653048515,0.35285741463303566,-0.02859497,0.56971604,0.5729045,0.110703744
129024,0.004394114,-0.003494642674922943,-0.003114774590358138,0.31387755274772644,0.3042338863015175,-0.024585977,0.56171227,0.5393847,0.073426574
129536,0.015063703,0.0028055586735717952,-0.005674545653164387,0.3238961175084114,0.2682665176689625,0.015736632,0.57330495,0.5071206,0.09651511
130048,-0.018100739,0.0017816760810092092,-0.0019557285122573376,0.2817757725715637,0.3008830286562443,-0.02255318,0.53188074,0.5412928,0.105155535
130560,0.033982873,-0.00020896573550999165,-0.002007781178690493,0.3117321915924549,0.3196338377892971,0.06959573,0.5563891,0.4916634,0.10796566
131072,0.036167383,-0.0012066095951013267,-0.002320200903341174,0.23986867256462574,0.3073180019855499,-0.0030510863,0.49154052,0.5635654,0.1104454
131584,-0.0005236864,0.0006604234222322702,-0.002134860260412097,0.2265008669346571,0.3001725934445858,-0.089836806,0.47861937,0.5650953,0.12255637
132096,0.04451835,-0.0014646586496382952,-0.0020808293484151363,0.26914264261722565,0.31033067032694817,0.0069774017,0.5195577,0.49608505,0.10753112
132608,0.02504003,0.001703794696368277,-0.00315931998193264,0.31313634663820267,0.3127613924443722,-0.00925535,0.5625254,0.50996447,0.10587537
133120,0.007854044,0.0031899274326860905,-0.005314744543284178,0.24324946105480194,0.2783229611814022,-0.026260294,0.4954325,0.51329297,0.10376765
133632,-0.00014007092,-0.001802900223992765,-0.00024316972121596336,0.32314521819353104,0.26153798773884773,0.014404781,0.5703253,0.4430506,0.13367355
134144,0.06091702,0.0027746272971853614,-0.0018030728679150343,0.23473227210342884,0.3377194106578827,0.0008331165,0.48460752,0.49987003,0.08462995
134656,0.011435688,0.0009025121689774096,-0.0018700575456023216,0.28363312035799026,0.3051578477025032,0.035954893,0.53315467,0.4588471,0.076813295
135168,-0.004345417,0.0006322162225842476,-0.000876370701007545,0.22802073135972023,0.3062039390206337,0.049635023,0.47904062,0.48922652,0.09054892
135680,-0.004153967,0.0004765406483784318,-0.0019931774586439133,0.3603878989815712,0.3442964255809784,-0.0111451,0.60098755,0.5594517,0.113265276
136192,0.04666567,0.004387570545077324,-0.004239376285113394,0.23914074338972569,0.3330717831850052,-0.007888414,0.49080056,0.5388169,0.07668
136704,0.0060383677,-0.0008654543780721724,-0.0015350448666140437,0.28669561818242073,0.3106895163655281,-0.008623056,0.53706115,0.5457003,0.066532455
137216,-0.0036535263,-0.0010481762583367527,-0.004079620237462223,0.2663547173142433,0.31044960021972656,-0.0450572,0.5167928,0.5647872,0.07186003
137728,0.019762099,-0.00022521009668707848,-0.002545533701777458,0.37221724167466164,0.3159603402018547,0.058300573,0.60903424,0.5015857,0.09986885
138240,0.05493784,0.002153439330868423,-0.0016973977908492088,0.27091607451438904,0.3304239623248577,0.0048282864,0.5221626,0.50349987,0.10136407
138752,0.055481255,-0.0005659491289407015,-0.0031745396554470062,0.26307085156440735,0.3023679666221142,0.0013688467,0.51585245,0.53152597,0.08579815
139264,-0.016565561,-0.00041668140329420567,-0.003846637671813369,0.3212253674864769,0.274234838783741,-0.0033404771,0.56832665,0.5351025,0.11291305
139776,0.005234778,-0.0025220828829333186,-0.0037127132527530193,0.3988853059709072,0.32689349353313446,0.0027361065,0.63189125,0.56339073,0.099462375
140288,0.04137981,0.0018146128859370947,-0.0027143212500959635,0.25757327303290367,0.2851710841059685,-0.052795134,0.507627,0.589114,0.088969484
140800,0.027341366,0.000988333486020565,-0.002417393960058689,0.28007763624191284,0.3060668744146824,-0.10725997,0.52440184,0.61412776,0.077137396
141312,0.01448971,0.0009449435165151954,-0.001963560818694532,0.3726808913052082,0.28711166977882385,0.04698263,0.60802126,0.4678946,0.074669756
141824,0.049102187,0.0023809364065527916,-0.003779076971113682,0.25523278303444386,0.29896171763539314,0.047819085,0.50505656,0.44298428,0.08547798
142336,0.04808384,0.002932974137365818,-0.0034033549018204212,0.2797584570944309,0.331404410302639,-0.02114331,0.5297332,0.51186687,0.10239382
142848,-0.03860879,0.0006254169275052845,-0.0008751796558499336,0.3091576024889946,0.2671077288687229,0.01758558,0.5590846,0.51221734,0.08634039
143360,0.025413513,0.0004083865787833929,-0.0016510775312781334,0.2341147307306528,0.3719758875668049,-0.029275715,0.48385882,0.51621556,0.08536159
143872,0.04674381,-0.0006227914709597826,-0.002393711358308792,0.2965453490614891,0.2961304858326912,0.09154851,0.5404804,0.457393,0.096274644
144384,0.032534957,0.0013666268205270171,-0.003874625894241035,0.29790180176496506,0.3245488107204437,0.04391715,0.5469209,0.52677757,0.09523934
144896,0.02857387,0.0005224747583270073,-0.0006011390360072255,0.31125088781118393,0.2647864818572998,-0.061049648,0.55654573,0.6141943,0.08772408
145408,0.0055691004,-0.0005936702946200967,-0.0060131780337542295,0.2777745444327593,0.3214327432215214,-0.06028738,0.52755934,0.5378092,0.11780143
145920,0.053995013,-0.0004359027952887118,-0.004713564878329635,0.27965944819152355,0.3453553095459938,0.034228288,0.52824765,0.5118737,0.11907288
146432,0.060266852,-0.0001722885062918067,-0.004309732932597399,0.26989806815981865,0.2847657836973667,0.029439157,0.5203939,0.48605883,0.083988465
146944,0.0064916015,-0.00012787547893822193,-0.003252588212490082,0.2830466665327549,0.3267967887222767,-0.05370754,0.53333765,0.5810869,0.092672914
147456,0.014461577,0.0038047406706027687,-0.003611506661400199,0.3484405465424061,0.32142557576298714,-0.0018195286,0.5935624,0.59624887,0.09761292
147968,0.022438228,0.0020658995490521193,-0.0016472374554723501,0.2787170261144638,0.2850319966673851,-0.022869322,0.52701205,0.53358936,0.119168274
148480,0.0066399574,0.0020114416256546974,-0.001814761315472424,0.2654792554676533,0.30255062133073807,0.06665753,0.5147565,0.4645478,0.12123325
148992,0.022312224,0.0019501810893416405,-0.00390601996332407,0.29086652398109436,0.2602946273982525,-0.041729994,0.5387899,0.52413887,0.09055377
149504,0.025057256,0.003115470288321376,-0.002602483844384551,0.290968906134367,0.3212273344397545,-0.024923962,0.54075104,0.5413923,0.06956176
150016,0.005663097,0.0010605540592223406,-0.0021650342387147248,0.2989935241639614,0.26809171587228775,-0.022348002,0.5471912,0.50529855,0.07495297
150528,0.02644986,0.0028379749273881316,-0.0049249675357714295,0.2890120632946491,0.27464907616376877,0.05571686,0.53635854,0.45087653,0.05941295
151040,0.03739786,0.002202480216510594,-0.0012893567327409983,0.30452660843729973,0.2810007482767105,-0.0068585947,0.5532339,0.50261354,0.07121577
151552,0.010561824,-8.623360190540552e-05,-0.0018586114747449756,0.22484114579856396,0.23193256743252277,0.002128968,0.4774336,0.51359963,0.08116367
152064,-0.010224104,0.0018409301992505789,-0.003871321212500334,0.2980266436934471,0.35091692209243774,0.006823588,0.54598284,0.4954458,0.08923011
152576,0.030826628,0.0012195472372695804,-0.001665293937548995,0.27953388914465904,0.2962220087647438,-0.029739384,0.52891666,0.56391037,0.08454154
153088,0.008277416,7.698079571127892e-05,-0.0004761901218444109,0.2968752533197403,0.2565052844583988,0.032388344,0.54705745,0.5115417,0.10069501
153600,0.0143408775,-6.566639058291912e-06,-0.0009756890940479934,0.2778666689991951,0.2358628213405609,0.0077606365,0.529602,0.5097695,0.09586138
154112,0.04589814,0.000584063702262938,-0.00182276067789644,0.2651450037956238,0.28239328414201736,-0.018143333,0.51612747,0.56758225,0.099313
154624,0.028874338,0.002595928148366511,-0.0022728315088897943,0.29504628479480743,0.255100853741169,-0.029343732,0.5445784,0.5519019,0.102357835
155136,0.049545944,0.0023084445856511593,-0.002044981811195612,0.29246823117136955,0.3274570070207119,0.0095763765,0.5409636,0.53561807,0.09344669
155648,0.030979216,-0.0008298991015180945,-0.002645192784257233,0.25519366189837456,0.27141327038407326,0.03405533,0.5063735,0.50006425,0.09103861
156160,0.0001488328,0.002728191437199712,-0.003164332127198577,0.27231480926275253,0.29437222704291344,-0.020920724,0.5241035,0.55161035,0.08908883
156672,0.0149104,-0.00044071138836443424,-0.00328067597001791,0.27956118807196617,0.24168413877487183,-0.038115755,0.530261,0.56323344,0.107028924
157184,0.021159172,-0.0006585960509255528,-0.0007409374229609966,0.3404545411467552,0.249018095433712,0.007731255,0.58406883,0.52986753,0.07425802
157696,0.051787496,-7.535296026617289e-05,-0.0009701198432594538,0.2618277594447136,0.24284053966403008,0.053037085,0.5116484,0.49573022,0.07879217
158208,0.0263381,1.9558181520551443e-05,-0.0018456976395100355,0.28012750670313835,0.27247199788689613,-0.059507713,0.52747905,0.5409987,0.10048265
158720,0.018619955,0.000994063331745565,-0.0025707550812512636,0.3091384768486023,0.26986405812203884,-0.041568797,0.55723757,0.5534087,0.08294515
159232,0.0023370981,0.003818073309957981,-0.0016696208622306585,0.30508953332901,0.2709205821156502,0.06762544,0.55038875,0.47562927,0.0916997
159744,0.049655795,-0.0009007393382489681,-0.001971570309251547,0.3056851141154766,0.22382777743041515,-0.027975976,0.55344015,0.54840624,0.10296781
160256,0.015474141,0.0013198138331063092,-0.0032043681712821126,0.23523438908159733,0.2711503654718399,-0.027045107,0.48815992,0.5165887,0.115799874
160768,0.008905292,0.00022563815582543612,-0.0031880473252385855,0.3156186230480671,0.24521010927855968,0.011955231,0.5646795,0.4960888,0.11754689
161280,0.019838154,0.0008653011173009872,-0.003707076539285481,0.3011069484055042,0.2539103776216507,0.0010158047,0.5505282,0.53456837,0.08302039
161792,0.042265534,0.007059216848574579,-0.006480679614469409,0.25473984330892563,0.24349324591457844,0.0048123077,0.5076445,0.49301007,0.07901147
162304,0.009339809,0.002533358579967171,-0.002157192211598158,0.2732841484248638,0.2757015936076641,0.01599199,0.52416164,0.5037544,0.083697334
162816,0.028104544,0.001791075337678194,-0.002993100555613637,0.23884890414774418,0.2981799729168415,-0.055085227,0.48739648,0.5195943,0.10668916
163328,-0.0020124912,0.00013191119069233537,-0.0019621297251433134,0.24427730403840542,0.22141780704259872,0.0056102946,0.4964633,0.5169542,0.10700128
163840,0.016671121,-0.002834552200511098,-0.002801641821861267,0.2949495427310467,0.2680068500339985,0.017520022,0.5450265,0.49172765,0.071457006
164352,0.035197914,0.0034191057784482837,-0.004633549600839615,0.24741158075630665,0.26065269485116005,0.023557695,0.49843392,0.4874837,0.0753568
164864,0.024269998,0.0013458524481393397,-0.0014732775744050741,0.3428177833557129,0.25507636182010174,0.02958003,0.585684,0.5073087,0.10011726
165376,0.025145829,0.0027317152125760913,-0.0030157985165715218,0.30755340307950974,0.27151521667838097,-0.04959003,0.555257,0.5560023,0.091887474
165888,0.035306454,-0.001954062841832638,-0.004909768118523061,0.333461195230484,0.2669188044965267,-0.0038774535,0.5786734,0.5710988,0.10414198
166400,0.018759131,0.001381726935505867,-0.0028520403429865837,0.3430934064090252,0.31002258136868477,0.021043018,0.586714,0.5154727,0.09633994
166912,0.011857808,-0.0007547234417870641,-0.0012361814733594656,0.2704022079706192,0.2855791300535202,-0.043498285,0.51970947,0.548208,0.092038915
167424,0.016299665,0.004337198217399418,-0.0036325632827356458,0.2892424762248993,0.27504633739590645,0.0003658831,0.5388873,0.50397086,0.10080617
167936,0.030276358,-1.4478806406259537e-05,-0.00023962499108165503,0.36486662924289703,0.28075648471713066,0.0424966,0.6051018,0.4900992,0.0836241
168448,0.036260903,0.002233823761343956,-0.0028393849497660995,0.32509802281856537,0.219780458137393,-0.0030464046,0.5723244,0.5319258,0.08071579
168960,0.04385048,6.21104845777154e-05,-0.002516568754799664,0.22851350717246532,0.23602032847702503,-0.0591214,0.47593448,0.55505705,0.07117692
169472,0.023694575,0.003998943604528904,-0.0032176643144339323,0.3474591188132763,0.26015598326921463,0.014920395,0.59165823,0.5314504,0.09989834
169984,0.07176578,0.0018900460563600063,-0.0020997750107198954,0.3138142228126526,0.24895060434937477,0.012895599,0.56051165,0.5023779,0.10473342
170496,0.040690303,0.0020238565048202872,-0.0014976435340940952,0.2840980589389801,0.26344140619039536,-0.0056998003,0.5338294,0.50213397,0.11428796
171008,0.023584545,0.0024391146725974977,-0.002151146996766329,0.2258701827377081,0.347373865544796,-0.010363335,0.47790593,0.53093475,0.107190065
171520,0.025039136,0.0016119626816362143,-0.003962191753089428,0.27112615294754505,0.281826376914978,0.009376138,0.5219074,0.4966033,0.13266201
172032,0.069395065,-0.002753383363597095,-0.0019108701962977648,0.29756687209010124,0.25801134668290615,-0.004637189,0.54718363,0.541143,0.1082552
172544,0.003092885,0.0014138539554551244,-0.0020856154151260853,0.34435631334781647,0.26611127331852913,0.007941183,0.58823866,0.5346093,0.10822036
173056,0.049054146,0.0020657636923715472,-0.002224101684987545,0.29893114417791367,0.231027539819479,-0.037415355,0.5464149,0.56356573,0.109659575
173568,0.05882919,0.00047307275235652924,-0.0034281162079423666,0.2208859734237194,0.2932097874581814,-0.030161232,0.4707029,0.5091268,0.113785215
174080,-0.007387638,-0.002151626395061612,-0.0033352088648825884,0.30026328563690186,0.26463937759399414,0.0075622387,0.5510459,0.4980557,0.086037695
174592,0.05210799,0.002613996039144695,-0.003508856985718012,0.30520058050751686,0.25578432343900204,0.024551328,0.5528075,0.49893633,0.114953466
175104,0.024318814,0.00020589237101376057,-0.0004092648159712553,0.24425560981035233,0.26114944368600845,-0.0003125146,0.4949482,0.5034336,0.074045345
175616,0.028212547,-0.00012657546903938055,-0.0023109756875783205,0.2621728256344795,0.2543387692421675,-0.03244585,0.51335907,0.5282923,0.10316431
175748,-0.013527036,0.00024477957424196006,-0.0006668495588009193,0.2079014703631401,0.22616028785705566,0.062257476,0.4544794,0.43253687,0.07954322
